Study,Characteristic,Category,Overall,Exposed,Unexposed,SMD,P_value
Study 1 (Population),Total participants,,"4,194,193","198,167","3,996,026",,
Study 1 (Population),Person-years of follow-up,,"24,576,434","620,161","23,956,273",,
Study 1 (Population),Follow-up time (months),Median [IQR],"72.0 [72.0, 72.0]","38.4 [19.7, 55.3]","72.0 [72.0, 72.0]",2.357,<0.001
Study 1 (Population),Sex,Female,"2,014,317 (48.0%)","79,286 (40.0%)","1,935,031 (48.4%)",0.240,<0.001
Study 1 (Population),,Male,"2,179,876 (52.0%)","118,881 (60.0%)","2,060,995 (51.6%)",,
Study 1 (Population),"Age at index (years, AGE_AT_INDEX)",Median [IQR],"10.0 [4.0, 15.0]","14.0 [8.0, 17.0]","10.0 [4.0, 15.0]",0.485,<0.001
Study 1 (Population),Age at study start (2016-01-01) (years),Median [IQR],"10.0 [4.0, 15.0]","11.0 [5.0, 14.0]","10.0 [4.0, 15.0]",0.017,0.074
Study 1 (Population),"Age at first CT (years, exposed only)",Median [IQR],"14.0 [8.0, 17.0]","14.0 [8.0, 17.0]",—,—,—
Study 1 (Population),Age at first CT group (exposed only),0-5,"33,759 (17.0%)","33,759 (17.0%)",0 (0.0%),1.529,<0.001
Study 1 (Population),,11-15,"55,338 (27.9%)","55,338 (27.9%)",0 (0.0%),,
Study 1 (Population),,16-18,"76,799 (38.8%)","76,799 (38.8%)",0 (0.0%),,
Study 1 (Population),,6-10,"32,271 (16.3%)","32,271 (16.3%)",0 (0.0%),,
Study 1 (Population),"Age at malignancy diagnosis (years, events only)",Median [IQR],"17.0 [11.0, 21.0]","20.0 [16.0, 22.0]","17.0 [10.0, 21.0]",0.507,<0.001
Study 1 (Population),Age at malignancy diagnosis group (events only),0-5,263 (7.9%),11 (4.3%),252 (8.2%),0.615,<0.001
Study 1 (Population),,11-15,634 (19.0%),30 (11.9%),604 (19.6%),,
Study 1 (Population),,16-20,943 (28.2%),90 (35.6%),853 (27.6%),,
Study 1 (Population),,21+,950 (28.4%),110 (43.5%),840 (27.2%),,
Study 1 (Population),,6-10,550 (16.5%),12 (4.7%),538 (17.4%),,
Study 1 (Population),Income quartile,Missing,"561,478 (13.4%)","30,132 (15.2%)","531,346 (13.3%)",0.163,<0.001
Study 1 (Population),,Q1,"1,620,285 (38.6%)","79,877 (40.3%)","1,540,408 (38.5%)",,
Study 1 (Population),,Q2,"138,780 (3.3%)","10,624 (5.4%)","128,156 (3.2%)",,
Study 1 (Population),,Q3,"928,642 (22.1%)","39,983 (20.2%)","888,659 (22.2%)",,
Study 1 (Population),,Q4,"945,008 (22.5%)","37,551 (18.9%)","907,457 (22.7%)",,
Study 1 (Population),Urban status,Metro,"1,138,214 (27.1%)","52,219 (26.4%)","1,085,995 (27.2%)",0.076,<0.001
Study 1 (Population),,Missing,"562,350 (13.4%)","30,995 (15.6%)","531,355 (13.3%)",,
Study 1 (Population),,Non-Metro,"2,493,629 (59.5%)","114,953 (58.0%)","2,378,676 (59.5%)",,
Study 1 (Population),CT setting at first scan (exposed only),Clinic,"54,046 (27.3%)","54,046 (27.3%)",0 (0.0%),,
Study 1 (Population),,ER,"144,121 (72.7%)","144,121 (72.7%)",0 (0.0%),,
Study 1 (Population),First CT type (exposed only),body_type,"198,167 (100.0%)","198,167 (100.0%)",0 (0.0%),,
Study 1 (Population),Number of CT scans (exposed only),>=4,"4,842 (2.4%)","4,842 (2.4%)",0 (0.0%),,
Study 1 (Population),,1,"156,338 (78.9%)","156,338 (78.9%)",0 (0.0%),,
Study 1 (Population),,2-3,"36,987 (18.7%)","36,987 (18.7%)",0 (0.0%),,
Study 1 (Population),Malignancy events,,"3,340 (0.08%)",253 (0.13%),"3,087 (0.08%)",,
Study 2 (Sibling-Matched),Total participants,,"378,682","222,095","156,587",,
Study 2 (Sibling-Matched),Person-years of follow-up,,"1,168,536","679,968","488,568",,
Study 2 (Sibling-Matched),Follow-up time (months),Median [IQR],"37.7 [19.4, 54.6]","37.3 [19.1, 54.2]","38.2 [19.7, 55.1]",0.034,<0.001
Study 2 (Sibling-Matched),Sex,Female,"169,847 (44.9%)","91,977 (41.4%)","77,870 (49.7%)",0.236,<0.001
Study 2 (Sibling-Matched),,Male,"208,835 (55.1%)","130,118 (58.6%)","78,717 (50.3%)",,
Study 2 (Sibling-Matched),"Age at index (years, AGE_AT_INDEX)",Median [IQR],"13.0 [7.0, 16.0]","14.0 [8.0, 17.0]","11.0 [6.0, 15.0]",0.336,<0.001
Study 2 (Sibling-Matched),Age at study start (2016-01-01) (years),Median [IQR],"9.0 [4.0, 13.0]","11.0 [5.0, 14.0]","8.0 [3.0, 12.0]",0.312,<0.001
Study 2 (Sibling-Matched),"Age at first CT (years, exposed only)",Median [IQR],"14.0 [8.0, 17.0]","14.0 [8.0, 17.0]",—,—,—
Study 2 (Sibling-Matched),Age at first CT group (exposed only),0-5,"37,995 (17.1%)","37,995 (17.1%)",0 (0.0%),1.526,<0.001
Study 2 (Sibling-Matched),,11-15,"65,113 (29.3%)","65,113 (29.3%)",0 (0.0%),,
Study 2 (Sibling-Matched),,16-18,"81,279 (36.6%)","81,279 (36.6%)",0 (0.0%),,
Study 2 (Sibling-Matched),,6-10,"37,708 (17.0%)","37,708 (17.0%)",0 (0.0%),,
Study 2 (Sibling-Matched),"Age at malignancy diagnosis (years, events only)",Median [IQR],"19.0 [15.0, 21.0]","20.0 [16.0, 22.0]","16.0 [11.0, 20.0]",0.568,<0.001
Study 2 (Sibling-Matched),Age at malignancy diagnosis group (events only),0-5,15 (4.6%),10 (3.9%),5 (7.0%),0.633,<0.001
Study 2 (Sibling-Matched),,11-15,56 (17.1%),36 (14.1%),20 (28.2%),,
Study 2 (Sibling-Matched),,16-20,115 (35.2%),93 (36.3%),22 (31.0%),,
Study 2 (Sibling-Matched),,21+,119 (36.4%),104 (40.6%),15 (21.1%),,
Study 2 (Sibling-Matched),,6-10,22 (6.7%),13 (5.1%),9 (12.7%),,
Study 2 (Sibling-Matched),Income quartile,Missing,"71,173 (18.8%)","41,437 (18.7%)","29,736 (19.0%)",0.058,<0.001
Study 2 (Sibling-Matched),,Q1,"152,991 (40.4%)","91,483 (41.2%)","61,508 (39.3%)",,
Study 2 (Sibling-Matched),,Q2,"18,742 (4.9%)","11,314 (5.1%)","7,428 (4.7%)",,
Study 2 (Sibling-Matched),,Q3,"70,744 (18.7%)","40,970 (18.4%)","29,774 (19.0%)",,
Study 2 (Sibling-Matched),,Q4,"65,032 (17.2%)","36,891 (16.6%)","28,141 (18.0%)",,
Study 2 (Sibling-Matched),Urban status,Metro,"95,436 (25.2%)","55,763 (25.1%)","39,673 (25.3%)",0.015,0.001
Study 2 (Sibling-Matched),,Missing,"72,800 (19.2%)","42,380 (19.1%)","30,420 (19.4%)",,
Study 2 (Sibling-Matched),,Non-Metro,"210,446 (55.6%)","123,952 (55.8%)","86,494 (55.2%)",,
Study 2 (Sibling-Matched),CT setting at first scan (exposed only),Clinic,"57,178 (25.7%)","57,178 (25.7%)",0 (0.0%),,
Study 2 (Sibling-Matched),,ER,"164,917 (74.3%)","164,917 (74.3%)",0 (0.0%),,
Study 2 (Sibling-Matched),First CT type (exposed only),body_type,"222,095 (100.0%)","222,095 (100.0%)",0 (0.0%),,
Study 2 (Sibling-Matched),Number of CT scans (exposed only),>=4,"5,313 (2.4%)","5,313 (2.4%)",0 (0.0%),,
Study 2 (Sibling-Matched),,1,"174,907 (78.8%)","174,907 (78.8%)",0 (0.0%),,
Study 2 (Sibling-Matched),,2-3,"41,875 (18.9%)","41,875 (18.9%)",0 (0.0%),,
Study 2 (Sibling-Matched),Malignancy events,,327 (0.09%),256 (0.12%),71 (0.05%),,
